kingdom,phylum,classname,ordername,family
PLANTAE,TRACHEOPHYTA,MAGNOLIOPSIDA,SCROPHULARIALES,Acanthaceae
PLANTAE,TRACHEOPHYTA,MAGNOLIOPSIDA,SAPINDALES,Aceraceae
PLANTAE,TRACHEOPHYTA,MAGNOLIOPSIDA,VIOLALES,Achariaceae
PLANTAE,TRACHEOPHYTA,MAGNOLIOPSIDA,CARYOPHYLLALES,Achatocarpaceae
PLANTAE,TRACHEOPHYTA,LILIOPSIDA,ARALES,Acoraceae
PLANTAE,TRACHEOPHYTA,MAGNOLIOPSIDA,THEALES,Actinidiaceae
PLANTAE,TRACHEOPHYTA,MAGNOLIOPSIDA,DIPSACALES,Adoxaceae
PLANTAE,TRACHEOPHYTA,MAGNOLIOPSIDA,CELASTRALES,Aextoxicaceae
PLANTAE,TRACHEOPHYTA,LILIOPSIDA,LILIALES,Agavaceae
PLANTAE,TRACHEOPHYTA,MAGNOLIOPSIDA,CARYOPHYLLALES,Agdestidaceae
PLANTAE,BRYOPHYTA,MARCHANTIOPSIDA,MARCHANTIALES,Aitchinsoniellaceae
PLANTAE,TRACHEOPHYTA,MAGNOLIOPSIDA,CARYOPHYLLALES,Aizoaceae
PLANTAE,TRACHEOPHYTA,MAGNOLIOPSIDA,BRASSICALES,Akaniaceae
PLANTAE,TRACHEOPHYTA,MAGNOLIOPSIDA,CORNALES,Alangiaceae
PLANTAE,TRACHEOPHYTA,LILIOPSIDA,ALISMATALES,Alismataceae
PLANTAE,TRACHEOPHYTA,LILIOPSIDA,LILIALES,Alliaceae
PLANTAE,TRACHEOPHYTA,LILIOPSIDA,LILIALES,Aloaceae
PLANTAE,TRACHEOPHYTA,MAGNOLIOPSIDA,ROSALES,Alseuosmiaceae
PLANTAE,TRACHEOPHYTA,LILIOPSIDA,LILIALES,Alstroemeriaceae
PLANTAE,TRACHEOPHYTA,MAGNOLIOPSIDA,MYRTALES,Alzateaceae
PLANTAE,TRACHEOPHYTA,MAGNOLIOPSIDA,CARYOPHYLLALES,Amaranthaceae
PLANTAE,TRACHEOPHYTA,LILIOPSIDA,LILIALES,Amaryllidaceae
PLANTAE,BRYOPHYTA,BRYOPSIDA,HYPNALES,Amblystegiaceae
PLANTAE,TRACHEOPHYTA,MAGNOLIOPSIDA,LAURALES,Amborellaceae
PLANTAE,BRYOPHYTA,SPHAGNOPSIDA,AMBUCHANANIALES,Ambuchananiaceae
PLANTAE,TRACHEOPHYTA,MAGNOLIOPSIDA,SAPINDALES,Anacardiaceae
PLANTAE,TRACHEOPHYTA,LILIOPSIDA,RESTIONALES,Anarthriaceae
PLANTAE,TRACHEOPHYTA,MAGNOLIOPSIDA,VIOLALES,Ancistrocladaceae
PLANTAE,TRACHEOPHYTA,POLYPODIOPSIDA,SCHIZAEALES,Anemiaceae
PLANTAE,TRACHEOPHYTA,MAGNOLIOPSIDA,CUCURBITALES,Anisophylleaceae
PLANTAE,TRACHEOPHYTA,MAGNOLIOPSIDA,MAGNOLIALES,Annonaceae
PLANTAE,TRACHEOPHYTA,LILIOPSIDA,LILIALES,Anthericaceae
PLANTAE,ANTHOCERATOPHYTA,ANTHOCEROTOPSIDA,ANTHOCEROTALES,Anthocerotaceae
PLANTAE,TRACHEOPHYTA,LILIOPSIDA,LILIALES,Aphyllanthaceae
PLANTAE,TRACHEOPHYTA,MAGNOLIOPSIDA,APIALES,Apiaceae
PLANTAE,TRACHEOPHYTA,MAGNOLIOPSIDA,GENTIANALES,Apocynaceae
PLANTAE,TRACHEOPHYTA,LILIOPSIDA,NAJADALES,Aponogetonaceae
PLANTAE,TRACHEOPHYTA,MAGNOLIOPSIDA,CELASTRALES,Aquifoliaceae
PLANTAE,TRACHEOPHYTA,LILIOPSIDA,ARALES,Araceae
PLANTAE,TRACHEOPHYTA,MAGNOLIOPSIDA,APIALES,Araliaceae
PLANTAE,TRACHEOPHYTA,MAGNOLIOPSIDA,CORNALES,Aralidiaceae
PLANTAE,TRACHEOPHYTA,PINOPSIDA,PINALES,Araucariaceae
PLANTAE,BRYOPHYTA,BRYOPSIDA,ARCHIDIALES,Archidiaceae
PLANTAE,TRACHEOPHYTA,LILIOPSIDA,ARECALES,Arecaceae
PLANTAE,TRACHEOPHYTA,MAGNOLIOPSIDA,ARISTOLOCHIALES,Aristolochiaceae
PLANTAE,TRACHEOPHYTA,MAGNOLIOPSIDA,GENTIANALES,Asclepiadaceae
PLANTAE,TRACHEOPHYTA,LILIOPSIDA,LILIALES,Asparagaceae
PLANTAE,TRACHEOPHYTA,LILIOPSIDA,LILIALES,Asphodelaceae
PLANTAE,TRACHEOPHYTA,POLYPODIOPSIDA,POLYPODIALES,Aspleniaceae
PLANTAE,TRACHEOPHYTA,LILIOPSIDA,LILIALES,Asteliaceae
PLANTAE,TRACHEOPHYTA,MAGNOLIOPSIDA,ASTERALES,Asteraceae
PLANTAE,TRACHEOPHYTA,MAGNOLIOPSIDA,THEALES,Asteropeiaceae
PLANTAE,TRACHEOPHYTA,POLYPODIOPSIDA,POLYPODIALES,Athyriaceae
PLANTAE,TRACHEOPHYTA,MAGNOLIOPSIDA,CORNALES,Aucubaceae
PLANTAE,TRACHEOPHYTA,MAGNOLIOPSIDA,MAGNOLIALES,Austrobaileyaceae
PLANTAE,TRACHEOPHYTA,MAGNOLIOPSIDA,LAMIALES,Avicenniaceae
PLANTAE,TRACHEOPHYTA,MAGNOLIOPSIDA,SAPINDALES,Balanitaceae
PLANTAE,TRACHEOPHYTA,MAGNOLIOPSIDA,FAGALES,Balanopaceae
PLANTAE,TRACHEOPHYTA,MAGNOLIOPSIDA,SANTALALES,Balanophoraceae
PLANTAE,TRACHEOPHYTA,MAGNOLIOPSIDA,GERANIALES,Balsaminaceae
PLANTAE,TRACHEOPHYTA,MAGNOLIOPSIDA,CARYOPHYLLALES,Barbeuiaceae
PLANTAE,TRACHEOPHYTA,MAGNOLIOPSIDA,URTICALES,Barbeyaceae
PLANTAE,TRACHEOPHYTA,MAGNOLIOPSIDA,CARYOPHYLLALES,Basellaceae
PLANTAE,TRACHEOPHYTA,MAGNOLIOPSIDA,BATALES,Bataceae
PLANTAE,TRACHEOPHYTA,MAGNOLIOPSIDA,CUCURBITALES,Begoniaceae
PLANTAE,TRACHEOPHYTA,MAGNOLIOPSIDA,RANUNCULALES,Berberidaceae
PLANTAE,TRACHEOPHYTA,MAGNOLIOPSIDA,FAGALES,Betulaceae
PLANTAE,TRACHEOPHYTA,MAGNOLIOPSIDA,SCROPHULARIALES,Bignoniaceae
PLANTAE,TRACHEOPHYTA,MAGNOLIOPSIDA,VIOLALES,Bixaceae
PLANTAE,TRACHEOPHYTA,LILIOPSIDA,LILIALES,Blandfordiaceae
PLANTAE,TRACHEOPHYTA,POLYPODIOPSIDA,POLYPODIALES,Blechnaceae
PLANTAE,TRACHEOPHYTA,MAGNOLIOPSIDA,MALVALES,Bombacaceae
PLANTAE,RHODOPHYTA,FLORIDEOPHYCEAE,BONNEMAISONIALES,Bonnemaisoniaceae
PLANTAE,TRACHEOPHYTA,MAGNOLIOPSIDA,MALPIGHIALES,Bonnetiaceae
PLANTAE,TRACHEOPHYTA,MAGNOLIOPSIDA,LAMIALES,Boraginaceae
PLANTAE,TRACHEOPHYTA,CYCADOPSIDA,CYCADALES,Boweniaceae
PLANTAE,BRYOPHYTA,BRYOPSIDA,HYPNALES,Brachytheciaceae
PLANTAE,TRACHEOPHYTA,MAGNOLIOPSIDA,CAPPARALES,Brassicaceae
PLANTAE,TRACHEOPHYTA,MAGNOLIOPSIDA,SAPINDALES,Bretschneideraceae
PLANTAE,TRACHEOPHYTA,LILIOPSIDA,POALES,Bromeliaceae
PLANTAE,TRACHEOPHYTA,MAGNOLIOPSIDA,OXALIDALES,Brunelliaceae
PLANTAE,TRACHEOPHYTA,MAGNOLIOPSIDA,ROSALES,Bruniaceae
PLANTAE,BRYOPHYTA,BRYOPSIDA,BRYALES,Bryaceae
PLANTAE,BRYOPHYTA,BRYOPSIDA,BRYOXIPHIALES,Bryoxiphiaceae
PLANTAE,TRACHEOPHYTA,MAGNOLIOPSIDA,SCROPHULARIALES,Buddlejaceae
PLANTAE,TRACHEOPHYTA,LILIOPSIDA,ORCHIDALES,Burmanniaceae
PLANTAE,TRACHEOPHYTA,MAGNOLIOPSIDA,SAPINDALES,Burseraceae
PLANTAE,TRACHEOPHYTA,LILIOPSIDA,ALISMATALES,Butomaceae
PLANTAE,TRACHEOPHYTA,MAGNOLIOPSIDA,BUXALES,Buxaceae
PLANTAE,TRACHEOPHYTA,MAGNOLIOPSIDA,ROSALES,Byblidaceae
PLANTAE,TRACHEOPHYTA,MAGNOLIOPSIDA,NYMPHAEALES,Cabombaceae
PLANTAE,TRACHEOPHYTA,MAGNOLIOPSIDA,CARYOPHYLLALES,Cactaceae
PLANTAE,TRACHEOPHYTA,LILIOPSIDA,LILIALES,Calectasiaceae
PLANTAE,TRACHEOPHYTA,MAGNOLIOPSIDA,CALLITRICHALES,Callitrichaceae
PLANTAE,TRACHEOPHYTA,MAGNOLIOPSIDA,MALPIGHIALES,Calophyllaceae
PLANTAE,TRACHEOPHYTA,MAGNOLIOPSIDA,MAGNOLIALES,Calycanthaceae
PLANTAE,TRACHEOPHYTA,MAGNOLIOPSIDA,CALYCERALES,Calyceraceae
PLANTAE,MARCHANTIOPHYTA,JUNGERMANNIOPSIDA,JUNGERMANNIALES,Calypogeiaceae
PLANTAE,TRACHEOPHYTA,MAGNOLIOPSIDA,CAMPANULALES,Campanulaceae
PLANTAE,TRACHEOPHYTA,MAGNOLIOPSIDA,MAGNOLIALES,Canellaceae
PLANTAE,TRACHEOPHYTA,MAGNOLIOPSIDA,URTICALES,Cannabaceae
PLANTAE,TRACHEOPHYTA,LILIOPSIDA,ZINGERBERALES,Cannaceae
PLANTAE,TRACHEOPHYTA,MAGNOLIOPSIDA,CELASTRALES,Canotiaceae
PLANTAE,TRACHEOPHYTA,MAGNOLIOPSIDA,CAPPARALES,Capparaceae
PLANTAE,TRACHEOPHYTA,MAGNOLIOPSIDA,DIPSACALES,Caprifoliaceae
PLANTAE,TRACHEOPHYTA,MAGNOLIOPSIDA,CELASTRALES,Cardiopteridaceae
PLANTAE,TRACHEOPHYTA,MAGNOLIOPSIDA,VIOLALES,Caricaceae
PLANTAE,TRACHEOPHYTA,MAGNOLIOPSIDA,DIPSACALES,Carlemanniaceae
PLANTAE,TRACHEOPHYTA,MAGNOLIOPSIDA,THEALES,Caryocaraceae
PLANTAE,TRACHEOPHYTA,MAGNOLIOPSIDA,CARYOPHYLLALES,Caryophyllaceae
PLANTAE,TRACHEOPHYTA,MAGNOLIOPSIDA,CASUARINALES,Casuarinaceae
PLANTAE,TRACHEOPHYTA,MAGNOLIOPSIDA,URTICALES,Cecropiaceae
PLANTAE,TRACHEOPHYTA,MAGNOLIOPSIDA,CELASTRALES,Celastraceae
PLANTAE,TRACHEOPHYTA,LILIOPSIDA,POALES,Centrolepidaceae
PLANTAE,TRACHEOPHYTA,MAGNOLIOPSIDA,OXALIDALES,Cephalotaceae
PLANTAE,TRACHEOPHYTA,PINOPSIDA,PINALES,Cephalotaxaceae
PLANTAE,MARCHANTIOPHYTA,JUNGERMANNIOPSIDA,JUNGERMANNIALES,Cephaloziaceae
PLANTAE,MARCHANTIOPHYTA,JUNGERMANNIOPSIDA,JUNGERMANNIALES,Cephaloziellaceae
PLANTAE,RHODOPHYTA,FLORIDEOPHYCEAE,CERAMIALES,Ceramiaceae
PLANTAE,TRACHEOPHYTA,MAGNOLIOPSIDA,NYMPHAEALES,Ceratophyllaceae
PLANTAE,TRACHEOPHYTA,MAGNOLIOPSIDA,HAMAMELIDALES,Cercidiphyllaceae
PLANTAE,CHLOROPHYTA,CHLOROPHYCEAE,CHAETOPHORALES,Chaetophoraceae
PLANTAE,CHAROPHYTA,CHAROPHYACEAE,CHARALES,Characeae
PLANTAE,TRACHEOPHYTA,MAGNOLIOPSIDA,CARYOPHYLLALES,Chenopodiaceae
PLANTAE,TRACHEOPHYTA,MAGNOLIOPSIDA,PIPERALES,Chloranthaceae
PLANTAE,TRACHEOPHYTA,MAGNOLIOPSIDA,ROSALES,Chrysobalanaceae
PLANTAE,TRACHEOPHYTA,MAGNOLIOPSIDA,RANUNCULALES,Circaeasteraceae
PLANTAE,TRACHEOPHYTA,MAGNOLIOPSIDA,VIOLALES,Cistaceae
PLANTAE,CHLOROPHYTA,ULVOPHYCEAE,CLADOPHORALES,Cladophoraceae
PLANTAE,TRACHEOPHYTA,MAGNOLIOPSIDA,ERICALES,Clethraceae
PLANTAE,MARCHANTIOPHYTA,MARCHANTIOPSIDA,MARCHANTIALES,Cleveaceae
PLANTAE,TRACHEOPHYTA,MAGNOLIOPSIDA,MALPIGHIALES,Clusiaceae
PLANTAE,TRACHEOPHYTA,MAGNOLIOPSIDA,SAPINDALES,Cneoraceae
PLANTAE,TRACHEOPHYTA,MAGNOLIOPSIDA,SOLANALES,Cobaeaceae
PLANTAE,TRACHEOPHYTA,MAGNOLIOPSIDA,VIOLALES,Cochlospermaceae
PLANTAE,TRACHEOPHYTA,LILIOPSIDA,LILIALES,Colchicaceae
PLANTAE,TRACHEOPHYTA,MAGNOLIOPSIDA,ROSALES,Columelliaceae
PLANTAE,TRACHEOPHYTA,MAGNOLIOPSIDA,MYRTALES,Combretaceae
PLANTAE,TRACHEOPHYTA,LILIOPSIDA,COMMELINALES,Commelinaceae
PLANTAE,TRACHEOPHYTA,MAGNOLIOPSIDA,ASTERALES,Compositae
PLANTAE,TRACHEOPHYTA,MAGNOLIOPSIDA,OXALIDALES,Connaraceae
PLANTAE,TRACHEOPHYTA,LILIOPSIDA,LILIALES,Convallariaceae
PLANTAE,TRACHEOPHYTA,MAGNOLIOPSIDA,SOLANALES,Convolvulaceae
PLANTAE,RHODOPHYTA,FLORIDEOPHYCEAE,CORALLINALES,Corallinaceae
PLANTAE,TRACHEOPHYTA,MAGNOLIOPSIDA,RANUNCULALES,Coriariaceae
PLANTAE,TRACHEOPHYTA,MAGNOLIOPSIDA,CORNALES,Cornaceae
PLANTAE,TRACHEOPHYTA,LILIOPSIDA,ORCHIDALES,Corsiaceae
PLANTAE,TRACHEOPHYTA,MAGNOLIOPSIDA,FAGALES,Corylaceae
PLANTAE,TRACHEOPHYTA,MAGNOLIOPSIDA,CELASTRALES,Corynocarpaceae
PLANTAE,TRACHEOPHYTA,LILIOPSIDA,ZINGIBERALES,Costaceae
PLANTAE,TRACHEOPHYTA,MAGNOLIOPSIDA,ROSALES,Crassulaceae
PLANTAE,TRACHEOPHYTA,MAGNOLIOPSIDA,ROSALES,Crossosomataceae
PLANTAE,TRACHEOPHYTA,MAGNOLIOPSIDA,CAPPARALES,Cruciferae
PLANTAE,TRACHEOPHYTA,MAGNOLIOPSIDA,MYRTALES,Crypteroniaceae
PLANTAE,TRACHEOPHYTA,MAGNOLIOPSIDA,LINALES,Ctenolophonaceae
PLANTAE,TRACHEOPHYTA,MAGNOLIOPSIDA,CUCURBITALES,Cucurbitaceae
PLANTAE,TRACHEOPHYTA,POLYPODIOPSIDA,CYATHEALES,Culcitaceae
PLANTAE,TRACHEOPHYTA,MAGNOLIOPSIDA,OXALIDALES,Cunoniaceae
PLANTAE,TRACHEOPHYTA,PINOPSIDA,PINALES,Cupressaceae
PLANTAE,TRACHEOPHYTA,LILIOPSIDA,LILIALES,Cyanastraceae
PLANTAE,TRACHEOPHYTA,POLYPODIOPSIDA,CYATHEALES,Cyatheaceae
PLANTAE,TRACHEOPHYTA,CYCADOPSIDA,CYCADALES,Cycadaceae
PLANTAE,TRACHEOPHYTA,LILIOPSIDA,CYCLANTHALES,Cyclanthaceae
PLANTAE,TRACHEOPHYTA,MAGNOLIOPSIDA,SCROPHULARIALES,Cyclocheilaceae
PLANTAE,TRACHEOPHYTA,LILIOPSIDA,NAJADALES,Cymodoceaceae
PLANTAE,TRACHEOPHYTA,MAGNOLIOPSIDA,SANTALALES,Cynomoriaceae
PLANTAE,TRACHEOPHYTA,LILIOPSIDA,POALES,Cyperaceae
PLANTAE,TRACHEOPHYTA,MAGNOLIOPSIDA,ERICALES,Cyrillaceae
PLANTAE,TRACHEOPHYTA,POLYPODIOPSIDA,POLYPODIALES,Cystopteridaceae
PLANTAE,BRYOPHYTA,BRYOPSIDA,HOOKERIALES,Daltoniaceae
PLANTAE,TRACHEOPHYTA,MAGNOLIOPSIDA,DAPHNIPHYLLALES,Daphniphyllaceae
PLANTAE,TRACHEOPHYTA,LILIOPSIDA,LILIALES,Dasypogonaceae
PLANTAE,TRACHEOPHYTA,MAGNOLIOPSIDA,VIOLALES,Datiscaceae
PLANTAE,TRACHEOPHYTA,MAGNOLIOPSIDA,ROSALES,Davidsoniaceae
PLANTAE,TRACHEOPHYTA,MAGNOLIOPSIDA,MAGNOLIALES,Degeneriaceae
PLANTAE,RHODOPHYTA,FLORIDEOPHYCEAE,CERAMIALES,Delesseriaceae
PLANTAE,ANTHOCERATOPHYTA,ANTHOCEROTOPSIDA,DENDROCEROTALES,Dendrocerotaceae
PLANTAE,TRACHEOPHYTA,POLYPODIOPSIDA,POLYPODIALES,Dennstaedtiaceae
PLANTAE,TRACHEOPHYTA,MAGNOLIOPSIDA,ROSALES,Dialypetalanthaceae
PLANTAE,TRACHEOPHYTA,MAGNOLIOPSIDA,DIAPENSIALES,Diapensiaceae
PLANTAE,TRACHEOPHYTA,MAGNOLIOPSIDA,CELASTRALES,Dichapetalaceae
PLANTAE,TRACHEOPHYTA,POLYPODIOPSIDA,CYATHEALES,Dicksoniaceae
PLANTAE,BRYOPHYTA,BRYOPSIDA,DICRANALES,Dicranaceae
PLANTAE,TRACHEOPHYTA,MAGNOLIOPSIDA,CARYOPHYLLALES,Didiereaceae
PLANTAE,TRACHEOPHYTA,MAGNOLIOPSIDA,DIDYMELALES,Didymelaceae
PLANTAE,TRACHEOPHYTA,POLYPODIOPSIDA,POLYPODIALES,Didymochlaenaceae
PLANTAE,TRACHEOPHYTA,MAGNOLIOPSIDA,THEALES,Diegodendraceae
PLANTAE,TRACHEOPHYTA,MAGNOLIOPSIDA,DILLENIALES,Dilleniaceae
PLANTAE,TRACHEOPHYTA,MAGNOLIOPSIDA,VIOLALES,Dioncophyllaceae
PLANTAE,TRACHEOPHYTA,LILIOPSIDA,LILIALES,Dioscoreaceae
PLANTAE,TRACHEOPHYTA,MAGNOLIOPSIDA,SANTALALES,Dipentodontaceae
PLANTAE,TRACHEOPHYTA,MAGNOLIOPSIDA,DIPSACALES,Dipsacaceae
PLANTAE,TRACHEOPHYTA,MAGNOLIOPSIDA,THEALES,Dipterocarpaceae
PLANTAE,TRACHEOPHYTA,MAGNOLIOPSIDA,GERANIALES,Dirachmaceae
PLANTAE,BRYOPHYTA,BRYOPSIDA,DICRANALES,Ditrichaceae
PLANTAE,TRACHEOPHYTA,LILIOPSIDA,LILIALES,Doryanthaceae
PLANTAE,TRACHEOPHYTA,LILIOPSIDA,LILIALES,Dracaenaceae
PLANTAE,TRACHEOPHYTA,MAGNOLIOPSIDA,NEPENTHALES,Droseraceae
PLANTAE,TRACHEOPHYTA,POLYPODIOPSIDA,POLYPODIALES,Dryopteridaceae
PLANTAE,TRACHEOPHYTA,MAGNOLIOPSIDA,SOLANALES,Duckeodendraceae
PLANTAE,TRACHEOPHYTA,MAGNOLIOPSIDA,EBENALES,Ebenaceae
PLANTAE,TRACHEOPHYTA,LILIOPSIDA,RESTIONALES,Ecdeiocoleaceae
PLANTAE,BRYOPHYTA,BRYOPSIDA,HYPNALES,Echinodiaceae
PLANTAE,TRACHEOPHYTA,MAGNOLIOPSIDA,PROTEALES,Elaeagnaceae
PLANTAE,TRACHEOPHYTA,MAGNOLIOPSIDA,OXALIDALES,Elaeocarpaceae
PLANTAE,TRACHEOPHYTA,MAGNOLIOPSIDA,THEALES,Elatinaceae
PLANTAE,TRACHEOPHYTA,MAGNOLIOPSIDA,POLYGALALES,Emblingiaceae
PLANTAE,TRACHEOPHYTA,MAGNOLIOPSIDA,ERICALES,Empetraceae
PLANTAE,TRACHEOPHYTA,MAGNOLIOPSIDA,ERICALES,Epacridaceae
PLANTAE,TRACHEOPHYTA,GNETOPSIDA,EPHEDRALES,Ephedraceae
PLANTAE,TRACHEOPHYTA,POLYPODIOPSIDA,EQUISETALES,Equisetaceae
PLANTAE,TRACHEOPHYTA,MAGNOLIOPSIDA,SANTALALES,Eremolepidaceae
PLANTAE,TRACHEOPHYTA,MAGNOLIOPSIDA,ROSALES,Eremosynaceae
PLANTAE,TRACHEOPHYTA,MAGNOLIOPSIDA,ERICALES,Ericaceae
PLANTAE,TRACHEOPHYTA,LILIOPSIDA,POALES,Eriocaulaceae
PLANTAE,TRACHEOPHYTA,LILIOPSIDA,LILIALES,Eriospermaceae
PLANTAE,TRACHEOPHYTA,MAGNOLIOPSIDA,LINALES,Erythroxylaceae
PLANTAE,TRACHEOPHYTA,MAGNOLIOPSIDA,ROSALES,Escalloniaceae
PLANTAE,TRACHEOPHYTA,MAGNOLIOPSIDA,EUCOMMIALES,Eucommiaceae
PLANTAE,TRACHEOPHYTA,MAGNOLIOPSIDA,ROSALES,Eucryphiaceae
PLANTAE,TRACHEOPHYTA,MAGNOLIOPSIDA,MALPIGHIALES,Euphorbiaceae
PLANTAE,TRACHEOPHYTA,MAGNOLIOPSIDA,POLYGALALES,Euphroniaceae
PLANTAE,TRACHEOPHYTA,MAGNOLIOPSIDA,MAGNOLIALES,Eupomatiaceae
PLANTAE,TRACHEOPHYTA,MAGNOLIOPSIDA,HAMAMELIDALES,Eupteleaceae
PLANTAE,MARCHANTIOPHYTA,MARCHANTIOPSIDA,MARCHANTIALES,Exormothecaceae
PLANTAE,TRACHEOPHYTA,MAGNOLIOPSIDA,FABALES,Fabaceae
PLANTAE,BRYOPHYTA,BRYOPSIDA,BRYALES,Fabroniaceae
PLANTAE,TRACHEOPHYTA,MAGNOLIOPSIDA,FAGALES,Fagaceae
PLANTAE,BRYOPHYTA,BRYOPSIDA,DICRANALES,Fissidentaceae
PLANTAE,TRACHEOPHYTA,MAGNOLIOPSIDA,VIOLALES,Flacourtiaceae
PLANTAE,TRACHEOPHYTA,LILIOPSIDA,RESTIONALES,Flagellariaceae
PLANTAE,BRYOPHYTA,MARCHANTIOPSIDA,METZGERIALES,Fossombroniaceae
PLANTAE,TRACHEOPHYTA,MAGNOLIOPSIDA,VIOLALES,Fouquieriaceae
PLANTAE,TRACHEOPHYTA,MAGNOLIOPSIDA,VIOLALES,Frankeniaceae
PLANTAE,MARCHANTIOPHYTA,JUNGERMANNIOPSIDA,PORELLALES,Frullaniaceae
PLANTAE,RHODOPHYTA,FLORIDEOPHYCEAE,NEMALIALES,Galaxauraceae
PLANTAE,TRACHEOPHYTA,MAGNOLIOPSIDA,CORNALES,Garryaceae
PLANTAE,TRACHEOPHYTA,MAGNOLIOPSIDA,CELASTRALES,Geissolomataceae
PLANTAE,TRACHEOPHYTA,MAGNOLIOPSIDA,GENTIANALES,Gentianaceae
PLANTAE,BRYOPHYTA,MARCHANTIOPSIDA,JUNGERMANNIALES,Geocalycaceae
PLANTAE,TRACHEOPHYTA,MAGNOLIOPSIDA,GERANIALES,Geraniaceae
PLANTAE,TRACHEOPHYTA,MAGNOLIOPSIDA,SCROPHULARIALES,Gesneriaceae
PLANTAE,RHODOPHYTA,FLORIDEOPHYCEAE,GIGARTINALES,Gigartinaceae
PLANTAE,TRACHEOPHYTA,GINKGOOPSIDA,GINKGOALES,Ginkgoaceae
PLANTAE,TRACHEOPHYTA,MAGNOLIOPSIDA,CARYOPHYLLALES,Gisekiaceae
PLANTAE,TRACHEOPHYTA,MAGNOLIOPSIDA,RANUNCULALES,Glaucidiaceae
PLANTAE,TRACHEOPHYTA,MAGNOLIOPSIDA,SCROPHULARIALES,Globulariaceae
PLANTAE,TRACHEOPHYTA,GNETOPSIDA,GNETALES,Gnetaceae
PLANTAE,TRACHEOPHYTA,MAGNOLIOPSIDA,SOLANALES,Goetzeaceae
PLANTAE,TRACHEOPHYTA,MAGNOLIOPSIDA,LAURALES,Gomortegaceae
PLANTAE,TRACHEOPHYTA,MAGNOLIOPSIDA,CAMPANULALES,Goodeniaceae
PLANTAE,TRACHEOPHYTA,MAGNOLIOPSIDA,CELASTRALES,Goupiaceae
PLANTAE,RHODOPHYTA,FLORIDEOPHYCEAE,GRACILARIALES,Gracilariaceae
PLANTAE,TRACHEOPHYTA,LILIOPSIDA,CYPERALES,Gramineae
PLANTAE,TRACHEOPHYTA,MAGNOLIOPSIDA,ROSALES,Greyiaceae
PLANTAE,BRYOPHYTA,BRYOPSIDA,GRIMMIALES,Grimmiaceae
PLANTAE,TRACHEOPHYTA,MAGNOLIOPSIDA,CORNALES,Griseliniaceae
PLANTAE,TRACHEOPHYTA,MAGNOLIOPSIDA,ROSALES,Grossulariaceae
PLANTAE,TRACHEOPHYTA,MAGNOLIOPSIDA,ERICALES,Grubbiaceae
PLANTAE,TRACHEOPHYTA,MAGNOLIOPSIDA,HALORAGALES,Gunneraceae
PLANTAE,TRACHEOPHYTA,MAGNOLIOPSIDA,THEALES,Guttiferae
PLANTAE,MARCHANTIOPHYTA,JUNGERMANNIOPSIDA,JUNGERMANNIALES,Gymnomitriaceae
PLANTAE,TRACHEOPHYTA,MAGNOLIOPSIDA,BATALES,Gyrostemonaceae
PLANTAE,TRACHEOPHYTA,LILIOPSIDA,COMMELINALES,Haemodoraceae
PLANTAE,TRACHEOPHYTA,MAGNOLIOPSIDA,CARYOPHYLLALES,Halophytaceae
PLANTAE,TRACHEOPHYTA,MAGNOLIOPSIDA,HALORAGALES,Haloragaceae
PLANTAE,RHODOPHYTA,FLORIDEOPHYCEAE,HALYMENIALES,Halymeniaceae
PLANTAE,TRACHEOPHYTA,MAGNOLIOPSIDA,HAMAMELIDALES,Hamamelidaceae
PLANTAE,TRACHEOPHYTA,LILIOPSIDA,COMMELINALES,Hanguanaceae
PLANTAE,RHODOPHYTA,FLORIDEOPHYCEAE,CORALLINALES,Hapalidiaceae
PLANTAE,TRACHEOPHYTA,MAGNOLIOPSIDA,CARYOPHYLLALES,Hectorellaceae
PLANTAE,TRACHEOPHYTA,LILIOPSIDA,ZINGIBERALES,Heliconiaceae
PLANTAE,TRACHEOPHYTA,MAGNOLIOPSIDA,CORNALES,Helwingiaceae
PLANTAE,TRACHEOPHYTA,LILIOPSIDA,LILIALES,Hemerocallidaceae
PLANTAE,MARCHANTIOPHYTA,JUNGERMANNIOPSIDA,JUNGERMANNIALES,Herbertaceae
PLANTAE,TRACHEOPHYTA,MAGNOLIOPSIDA,LAURALES,Hernandiaceae
PLANTAE,TRACHEOPHYTA,LILIOPSIDA,LILIALES,Herreriaceae
PLANTAE,TRACHEOPHYTA,MAGNOLIOPSIDA,MAGNOLIALES,Himantandraceae
PLANTAE,TRACHEOPHYTA,MAGNOLIOPSIDA,SAPINDALES,Hippocastanaceae
PLANTAE,TRACHEOPHYTA,MAGNOLIOPSIDA,CALLITRICHALES,Hippuridaceae
PLANTAE,BRYOPHYTA,BRYOPSIDA,BRYALES,Hookeriaceae
PLANTAE,TRACHEOPHYTA,MAGNOLIOPSIDA,VIOLALES,Hoplestigmataceae
PLANTAE,TRACHEOPHYTA,LILIOPSIDA,LILIALES,Hostaceae
PLANTAE,TRACHEOPHYTA,MAGNOLIOPSIDA,OXALIDALES,Huaceae
PLANTAE,TRACHEOPHYTA,MAGNOLIOPSIDA,LINALES,Humiriaceae
PLANTAE,TRACHEOPHYTA,LILIOPSIDA,LILIALES,Hyacinthaceae
PLANTAE,TRACHEOPHYTA,LILIOPSIDA,HYDATELLALES,Hydatellaceae
PLANTAE,TRACHEOPHYTA,MAGNOLIOPSIDA,RAFFLESIALES,Hydnoraceae
PLANTAE,TRACHEOPHYTA,MAGNOLIOPSIDA,ROSALES,Hydrangeaceae
PLANTAE,TRACHEOPHYTA,LILIOPSIDA,HYDROCHARITALES,Hydrocharitaceae
PLANTAE,TRACHEOPHYTA,MAGNOLIOPSIDA,SOLANALES,Hydrophyllaceae
PLANTAE,TRACHEOPHYTA,MAGNOLIOPSIDA,CALLITRICHALES,Hydrostachyaceae
PLANTAE,TRACHEOPHYTA,POLYPODIOPSIDA,HYMENOPHYLLALES,Hymenophyllaceae
PLANTAE,TRACHEOPHYTA,MAGNOLIOPSIDA,MALPIGHIALES,Hypericaceae
PLANTAE,BRYOPHYTA,BRYOPSIDA,HYPNALES,Hypnaceae
PLANTAE,BRYOPHYTA,BRYOPSIDA,BRYALES,Hypnobartlettiaceae
PLANTAE,TRACHEOPHYTA,LILIOPSIDA,LILIALES,Hypoxidaceae
PLANTAE,TRACHEOPHYTA,MAGNOLIOPSIDA,CELASTRALES,Icacinaceae
PLANTAE,TRACHEOPHYTA,MAGNOLIOPSIDA,LAURALES,Idiospermaceae
PLANTAE,TRACHEOPHYTA,MAGNOLIOPSIDA,CARYOPHYLLALES,Illecebraceae
PLANTAE,TRACHEOPHYTA,MAGNOLIOPSIDA,ILLICIALES,Illiciaceae
PLANTAE,TRACHEOPHYTA,LILIOPSIDA,LILIALES,Iridaceae
PLANTAE,TRACHEOPHYTA,MAGNOLIOPSIDA,MALPIGHIALES,Irvingiaceae
PLANTAE,TRACHEOPHYTA,LYCOPODIOPSIDA,ISOETALES,Isoetaceae
PLANTAE,TRACHEOPHYTA,LILIOPSIDA,LILIALES,Ixioliriaceae
PLANTAE,TRACHEOPHYTA,MAGNOLIOPSIDA,LINALES,Ixonanthaceae
PLANTAE,MARCHANTIOPHYTA,JUNGERMANNIOPSIDA,JUNGERMANNIALES,Jamesoniellaceae
PLANTAE,TRACHEOPHYTA,LILIOPSIDA,RESTIONALES,Joinvilleaceae
PLANTAE,BRYOPHYTA,MARCHANTIOPSIDA,JUNGERMANNIALES,Jubulaceae
PLANTAE,TRACHEOPHYTA,MAGNOLIOPSIDA,JUGLANDALES,Juglandaceae
PLANTAE,TRACHEOPHYTA,LILIOPSIDA,POALES,Juncaceae
PLANTAE,TRACHEOPHYTA,LILIOPSIDA,NAJADALES,Juncaginaceae
PLANTAE,BRYOPHYTA,MARCHANTIOPSIDA,JUNGERMANNIALES,Jungermanniaceae
PLANTAE,RHODOPHYTA,FLORIDEOPHYCEAE,GIGARTINALES,Kallymeniaceae
PLANTAE,TRACHEOPHYTA,MAGNOLIOPSIDA,CARYOPHYLLALES,Kewaceae
PLANTAE,TRACHEOPHYTA,MAGNOLIOPSIDA,SAPINDALES,Kirkiaceae
PLANTAE,TRACHEOPHYTA,MAGNOLIOPSIDA,POLYGALALES,Krameriaceae
PLANTAE,TRACHEOPHYTA,MAGNOLIOPSIDA,LAMIALES,Labiatae
PLANTAE,TRACHEOPHYTA,MAGNOLIOPSIDA,VIOLALES,Lacistemataceae
PLANTAE,TRACHEOPHYTA,MAGNOLIOPSIDA,MAGNOLIALES,Lactoridaceae
PLANTAE,TRACHEOPHYTA,MAGNOLIOPSIDA,LAMIALES,Lamiaceae
PLANTAE,TRACHEOPHYTA,LILIOPSIDA,LILIALES,Lanariaceae
PLANTAE,TRACHEOPHYTA,MAGNOLIOPSIDA,RANUNCULALES,Lardizabalaceae
PLANTAE,TRACHEOPHYTA,MAGNOLIOPSIDA,LAURALES,Lauraceae
PLANTAE,TRACHEOPHYTA,MAGNOLIOPSIDA,LECYTHIDALES,Lecythidaceae
PLANTAE,TRACHEOPHYTA,MAGNOLIOPSIDA,RHAMNALES,Leeaceae
PLANTAE,TRACHEOPHYTA,MAGNOLIOPSIDA,FABALES,Leguminosae
PLANTAE,TRACHEOPHYTA,MAGNOLIOPSIDA,FABALES,Leguminosae-Caesalpinioideae
PLANTAE,TRACHEOPHYTA,MAGNOLIOPSIDA,LEITNERIALES,Leitneriaceae
PLANTAE,MARCHANTIOPHYTA,JUNGERMANNIOPSIDA,PORELLALES,Lejeuneaceae
PLANTAE,TRACHEOPHYTA,LILIOPSIDA,ARALES,Lemnaceae
PLANTAE,TRACHEOPHYTA,MAGNOLIOPSIDA,LAMIALES,Lennoaceae
PLANTAE,TRACHEOPHYTA,MAGNOLIOPSIDA,SCROPHULARIALES,Lentibulariaceae
PLANTAE,TRACHEOPHYTA,MAGNOLIOPSIDA,GERANIALES,Lepidobotryaceae
PLANTAE,MARCHANTIOPHYTA,JUNGERMANNIOPSIDA,JUNGERMANNIALES,Lepidoziaceae
PLANTAE,BRYOPHYTA,BRYOPSIDA,HYPNALES,Leskeaceae
PLANTAE,TRACHEOPHYTA,LILIOPSIDA,NAJADALES,Lilaeaceae
PLANTAE,TRACHEOPHYTA,LILIOPSIDA,LILIALES,Liliaceae
PLANTAE,TRACHEOPHYTA,MAGNOLIOPSIDA,GERANIALES,Limnanthaceae
PLANTAE,TRACHEOPHYTA,LILIOPSIDA,ALISMATALES,Limnocharitaceae
PLANTAE,TRACHEOPHYTA,MAGNOLIOPSIDA,LINALES,Linaceae
PLANTAE,TRACHEOPHYTA,MAGNOLIOPSIDA,LAMIALES,Linderniaceae
PLANTAE,TRACHEOPHYTA,POLYPODIOPSIDA,POLYPODIALES,Lindsaeaceae
PLANTAE,TRACHEOPHYTA,MAGNOLIOPSIDA,EBENALES,Lissocarpaceae
PLANTAE,TRACHEOPHYTA,MAGNOLIOPSIDA,VIOLALES,Loasaceae
PLANTAE,TRACHEOPHYTA,MAGNOLIOPSIDA,GENTIANALES,Loganiaceae
PLANTAE,TRACHEOPHYTA,LILIOPSIDA,LILIALES,Lomandraceae
PLANTAE,MARCHANTIOPHYTA,JUNGERMANNIOPSIDA,JUNGERMANNIALES,Lophocoleaceae
PLANTAE,TRACHEOPHYTA,MAGNOLIOPSIDA,CELASTRALES,Lophopyxidaceae
PLANTAE,TRACHEOPHYTA,MAGNOLIOPSIDA,SANTALALES,Loranthaceae
PLANTAE,TRACHEOPHYTA,LILIOPSIDA,ZINGERBERALES,Lowiaceae
PLANTAE,TRACHEOPHYTA,LYCOPODIOPSIDA,LYCOPODIALES,Lycopodiaceae
PLANTAE,TRACHEOPHYTA,POLYPODIOPSIDA,SCHIZAEALES,Lygodiaceae
PLANTAE,TRACHEOPHYTA,MAGNOLIOPSIDA,MYRTALES,Lythraceae
PLANTAE,TRACHEOPHYTA,MAGNOLIOPSIDA,MAGNOLIALES,Magnoliaceae
PLANTAE,TRACHEOPHYTA,MAGNOLIOPSIDA,VIOLALES,Malesherbiaceae
PLANTAE,TRACHEOPHYTA,MAGNOLIOPSIDA,POLYGALALES,Malpighiaceae
PLANTAE,TRACHEOPHYTA,MAGNOLIOPSIDA,MALVALES,Malvaceae
PLANTAE,TRACHEOPHYTA,LILIOPSIDA,ZINGIBERALES,Marantaceae
PLANTAE,TRACHEOPHYTA,POLYPODIOPSIDA,MARATTIALES,Marattiaceae
PLANTAE,TRACHEOPHYTA,MAGNOLIOPSIDA,THEALES,Marcgraviaceae
PLANTAE,TRACHEOPHYTA,POLYPODIOPSIDA,SALVINIALES,Marsileaceae
PLANTAE,TRACHEOPHYTA,LILIOPSIDA,COMMELINALES,Mayacaceae
PLANTAE,TRACHEOPHYTA,MAGNOLIOPSIDA,THEALES,Medusagynaceae
PLANTAE,TRACHEOPHYTA,MAGNOLIOPSIDA,SANTALALES,Medusandraceae
PLANTAE,TRACHEOPHYTA,MAGNOLIOPSIDA,CORNALES,Melanophyllaceae
PLANTAE,TRACHEOPHYTA,LILIOPSIDA,LILIALES,Melanthiaceae
PLANTAE,TRACHEOPHYTA,MAGNOLIOPSIDA,MYRTALES,Melastomataceae
PLANTAE,TRACHEOPHYTA,MAGNOLIOPSIDA,SAPINDALES,Meliaceae
PLANTAE,TRACHEOPHYTA,MAGNOLIOPSIDA,SAPINDALES,Melianthaceae
PLANTAE,TRACHEOPHYTA,MAGNOLIOPSIDA,RANUNCULALES,Meliosmaceae
PLANTAE,TRACHEOPHYTA,MAGNOLIOPSIDA,RANUNCULALES,Menispermaceae
PLANTAE,TRACHEOPHYTA,MAGNOLIOPSIDA,SOLANALES,Menyanthaceae
PLANTAE,MARCHANTIOPHYTA,JUNGERMANNIOPSIDA,METZGERIALES,Metzgeriaceae
PLANTAE,TRACHEOPHYTA,MAGNOLIOPSIDA,SANTALALES,Misodendraceae
PLANTAE,TRACHEOPHYTA,MAGNOLIOPSIDA,CARYOPHYLLALES,Molluginaceae
PLANTAE,TRACHEOPHYTA,MAGNOLIOPSIDA,LAURALES,Monimiaceae
PLANTAE,TRACHEOPHYTA,MAGNOLIOPSIDA,ROSALES,Montiniaceae
PLANTAE,TRACHEOPHYTA,MAGNOLIOPSIDA,URTICALES,Moraceae
PLANTAE,TRACHEOPHYTA,MAGNOLIOPSIDA,DIPSACALES,Morinaceae
PLANTAE,TRACHEOPHYTA,MAGNOLIOPSIDA,CAPPARALES,Moringaceae
PLANTAE,TRACHEOPHYTA,LILIOPSIDA,ZINGIBERALES,Musaceae
PLANTAE,TRACHEOPHYTA,MAGNOLIOPSIDA,SCROPHULARIALES,Myoporaceae
PLANTAE,TRACHEOPHYTA,MAGNOLIOPSIDA,MYRICALES,Myricaceae
PLANTAE,BRYOPHYTA,BRYOPSIDA,HYPNALES,Myriniaceae
PLANTAE,TRACHEOPHYTA,MAGNOLIOPSIDA,MAGNOLIALES,Myristicaceae
PLANTAE,TRACHEOPHYTA,MAGNOLIOPSIDA,HAMAMELIDALES,Myrothamnaceae
PLANTAE,TRACHEOPHYTA,MAGNOLIOPSIDA,PRIMULALES,Myrsinaceae
PLANTAE,TRACHEOPHYTA,MAGNOLIOPSIDA,MYRTALES,Myrtaceae
PLANTAE,TRACHEOPHYTA,LILIOPSIDA,HYDROCHARITALES,Najadaceae
PLANTAE,BRYOPHYTA,BRYOPSIDA,HYPNALES,Neckeraceae
PLANTAE,TRACHEOPHYTA,MAGNOLIOPSIDA,NYMPHAEALES,Nelumbonaceae
PLANTAE,TRACHEOPHYTA,MAGNOLIOPSIDA,NEPENTHALES,Nepenthaceae
PLANTAE,TRACHEOPHYTA,MAGNOLIOPSIDA,LAMIALES,Nesogenaceae
PLANTAE,TRACHEOPHYTA,MAGNOLIOPSIDA,ROSALES,Neuradaceae
PLANTAE,TRACHEOPHYTA,MAGNOLIOPSIDA,FAGALES,Nothofagaceae
PLANTAE,TRACHEOPHYTA,MAGNOLIOPSIDA,CARYOPHYLLALES,Nyctaginaceae
PLANTAE,TRACHEOPHYTA,MAGNOLIOPSIDA,NYMPHAEALES,Nymphaeaceae
PLANTAE,TRACHEOPHYTA,MAGNOLIOPSIDA,THEALES,Ochnaceae
PLANTAE,TRACHEOPHYTA,MAGNOLIOPSIDA,SANTALALES,Olacaceae
PLANTAE,TRACHEOPHYTA,MAGNOLIOPSIDA,SCROPHULARIALES,Oleaceae
PLANTAE,TRACHEOPHYTA,POLYPODIOPSIDA,POLYPODIALES,Oleandraceae
PLANTAE,TRACHEOPHYTA,MAGNOLIOPSIDA,MYRTALES,Oliniaceae
PLANTAE,TRACHEOPHYTA,MAGNOLIOPSIDA,MYRTALES,Onagraceae
PLANTAE,TRACHEOPHYTA,MAGNOLIOPSIDA,THEALES,Oncothecaceae
PLANTAE,TRACHEOPHYTA,POLYPODIOPSIDA,POLYPODIALES,Onocleaceae
PLANTAE,TRACHEOPHYTA,POLYPODIOPSIDA,OPHIOGLOSSALES,Ophioglossaceae
PLANTAE,TRACHEOPHYTA,MAGNOLIOPSIDA,SANTALALES,Opiliaceae
PLANTAE,TRACHEOPHYTA,LILIOPSIDA,ORCHIDALES,Orchidaceae
PLANTAE,TRACHEOPHYTA,MAGNOLIOPSIDA,SCROPHULARIALES,Orobanchaceae
PLANTAE,BRYOPHYTA,BRYOPSIDA,RHIZOGONIALES,Orthodontiaceae
PLANTAE,BRYOPHYTA,BRYOPSIDA,ORTHOTRICHALES,Orthotrichaceae
PLANTAE,TRACHEOPHYTA,POLYPODIOPSIDA,OSMUNDALES,Osmundaceae
PLANTAE,TRACHEOPHYTA,MAGNOLIOPSIDA,OXALIDALES,Oxalidaceae
PLANTAE,TRACHEOPHYTA,MAGNOLIOPSIDA,DILLENIALES,Paeoniaceae
PLANTAE,TRACHEOPHYTA,LILIOPSIDA,ARECALES,Palmae
PLANTAE,TRACHEOPHYTA,MAGNOLIOPSIDA,EUPHORBIALES,Pandaceae
PLANTAE,TRACHEOPHYTA,LILIOPSIDA,PANDANALES,Pandanaceae
PLANTAE,TRACHEOPHYTA,MAGNOLIOPSIDA,PAPAVERALES,Papaveraceae
PLANTAE,TRACHEOPHYTA,MAGNOLIOPSIDA,THEALES,Paracryphiaceae
PLANTAE,TRACHEOPHYTA,MAGNOLIOPSIDA,ROSALES,Parnassiaceae
PLANTAE,TRACHEOPHYTA,MAGNOLIOPSIDA,VIOLALES,Passifloraceae
PLANTAE,TRACHEOPHYTA,MAGNOLIOPSIDA,SCROPHULARIALES,Pedaliaceae
PLANTAE,TRACHEOPHYTA,MAGNOLIOPSIDA,THEALES,Pellicieraceae
PLANTAE,TRACHEOPHYTA,MAGNOLIOPSIDA,MYRTALES,Penaeaceae
PLANTAE,TRACHEOPHYTA,MAGNOLIOPSIDA,CAMPANULALES,Pentaphragmataceae
PLANTAE,TRACHEOPHYTA,MAGNOLIOPSIDA,THEALES,Pentaphylacaceae
PLANTAE,TRACHEOPHYTA,MAGNOLIOPSIDA,ROSALES,Penthoraceae
PLANTAE,TRACHEOPHYTA,MAGNOLIOPSIDA,MALPIGHIALES,Peraceae
PLANTAE,TRACHEOPHYTA,MAGNOLIOPSIDA,VIOLALES,Peridiscaceae
PLANTAE,MARCHANTIOPHYTA,JUNGERMANNIOPSIDA,JUNGERMANNIALES,Personiellaceae
PLANTAE,MARCHANTIOPHYTA,JUNGERMANNIOPSIDA,FOSSOMBRONIALES,Petalophyllaceae
PLANTAE,TRACHEOPHYTA,LILIOPSIDA,LILIALES,Petermanniaceae
PLANTAE,TRACHEOPHYTA,LILIOPSIDA,LILIALES,Petrosaviaceae
PLANTAE,TRACHEOPHYTA,MAGNOLIOPSIDA,CELASTRALES,Phellinaceae
PLANTAE,TRACHEOPHYTA,LILIOPSIDA,LILIALES,Philesiaceae
PLANTAE,TRACHEOPHYTA,LILIOPSIDA,LILIALES,Philydraceae
PLANTAE,TRACHEOPHYTA,LILIOPSIDA,LILIALES,Phormiaceae
PLANTAE,TRACHEOPHYTA,MAGNOLIOPSIDA,LAMIALES,Phrymaceae
PLANTAE,MARCHANTIOPHYTA,JUNGERMANNIOPSIDA,JUNGERMANNIALES,Phycolepidoziaceae
PLANTAE,TRACHEOPHYTA,MAGNOLIOPSIDA,MALPIGHIALES,Phyllanthaceae
PLANTAE,TRACHEOPHYTA,PINOPSIDA,PINALES,Phyllocladaceae
PLANTAE,RHODOPHYTA,FLORIDEOPHYCEAE,GIGARTINALES,Phyllophoraceae
PLANTAE,TRACHEOPHYTA,MAGNOLIOPSIDA,HAMAMELIDALES,Physenaceae
PLANTAE,TRACHEOPHYTA,MAGNOLIOPSIDA,CARYOPHYLLALES,Phytolaccaceae
PLANTAE,BRYOPHYTA,BRYOPSIDA,HOOKERIALES,Pilotrichaceae
PLANTAE,TRACHEOPHYTA,PINOPSIDA,PINALES,Pinaceae
PLANTAE,TRACHEOPHYTA,MAGNOLIOPSIDA,PIPERALES,Piperaceae
PLANTAE,TRACHEOPHYTA,MAGNOLIOPSIDA,ROSALES,Pittosporaceae
PLANTAE,MARCHANTIOPHYTA,JUNGERMANNIOPSIDA,JUNGERMANNIALES,Plagiochilaceae
PLANTAE,TRACHEOPHYTA,POLYPODIOPSIDA,CYATHEALES,Plagiogyriaceae
PLANTAE,TRACHEOPHYTA,MAGNOLIOPSIDA,VIOLALES,Plagiopteraceae
PLANTAE,TRACHEOPHYTA,MAGNOLIOPSIDA,PLANTAGINALES,Plantaginaceae
PLANTAE,TRACHEOPHYTA,MAGNOLIOPSIDA,HAMAMELIDALES,Platanaceae
PLANTAE,MARCHANTIOPHYTA,JUNGERMANNIOPSIDA,PLEUROZIALES,Pleuroziaceae
PLANTAE,TRACHEOPHYTA,MAGNOLIOPSIDA,PLUMBAGINALES,Plumbaginaceae
PLANTAE,TRACHEOPHYTA,LILIOPSIDA,POALES,Poaceae
PLANTAE,TRACHEOPHYTA,MAGNOLIOPSIDA,SAPINDALES,Podoaceae
PLANTAE,TRACHEOPHYTA,PINOPSIDA,PINALES,Podocarpaceae
PLANTAE,TRACHEOPHYTA,MAGNOLIOPSIDA,PODOSTEMALES,Podostemaceae
PLANTAE,TRACHEOPHYTA,MAGNOLIOPSIDA,SOLANALES,Polemoniaceae
PLANTAE,TRACHEOPHYTA,MAGNOLIOPSIDA,POLYGALALES,Polygalaceae
PLANTAE,TRACHEOPHYTA,MAGNOLIOPSIDA,POLYGONALES,Polygonaceae
PLANTAE,TRACHEOPHYTA,POLYPODIOPSIDA,POLYPODIALES,Polypodiaceae
PLANTAE,TRACHEOPHYTA,LILIOPSIDA,COMMELINALES,Pontederiaceae
PLANTAE,TRACHEOPHYTA,MAGNOLIOPSIDA,CARYOPHYLLALES,Portulacaceae
PLANTAE,TRACHEOPHYTA,LILIOPSIDA,NAJADALES,Posidoniaceae
PLANTAE,TRACHEOPHYTA,LILIOPSIDA,NAJADALES,Potamogetonaceae
PLANTAE,BRYOPHYTA,BRYOPSIDA,POTTIALES,Pottiaceae
PLANTAE,TRACHEOPHYTA,MAGNOLIOPSIDA,PRIMULALES,Primulaceae
PLANTAE,TRACHEOPHYTA,MAGNOLIOPSIDA,PROTEALES,Proteaceae
PLANTAE,TRACHEOPHYTA,MAGNOLIOPSIDA,SAPINDALES,Ptaeroxylaceae
PLANTAE,TRACHEOPHYTA,POLYPODIOPSIDA,POLYPODIALES,Pteridaceae
PLANTAE,BRYOPHYTA,BRYOPSIDA,HYPNALES,Pterobryaceae
PLANTAE,TRACHEOPHYTA,MAGNOLIOPSIDA,ROSALES,Pterostemonaceae
PLANTAE,BRYOPHYTA,BRYOPSIDA,GRIMMIALES,Ptychomitriaceae
PLANTAE,BRYOPHYTA,BRYOPSIDA,HYPNALES,Pylaisiadelphaceae
PLANTAE,TRACHEOPHYTA,MAGNOLIOPSIDA,ERICALES,Pyrolaceae
PLANTAE,TRACHEOPHYTA,MAGNOLIOPSIDA,THEALES,Quiinaceae
PLANTAE,MARCHANTIOPHYTA,JUNGERMANNIOPSIDA,PORELLALES,Radulaceae
PLANTAE,TRACHEOPHYTA,MAGNOLIOPSIDA,RAFFLESIALES,Rafflesiaceae
PLANTAE,TRACHEOPHYTA,MAGNOLIOPSIDA,RANUNCULALES,Ranunculaceae
PLANTAE,TRACHEOPHYTA,LILIOPSIDA,COMMELINALES,Rapateaceae
PLANTAE,TRACHEOPHYTA,MAGNOLIOPSIDA,CAPPARALES,Resedaceae
PLANTAE,TRACHEOPHYTA,LILIOPSIDA,POALES,Restionaceae
PLANTAE,TRACHEOPHYTA,MAGNOLIOPSIDA,GENTIANALES,Retziaceae
PLANTAE,TRACHEOPHYTA,MAGNOLIOPSIDA,ROSALES,Rhabdodendraceae
PLANTAE,BRYOPHYTA,BRYOPSIDA,DICRANALES,Rhachitheciaceae
PLANTAE,TRACHEOPHYTA,MAGNOLIOPSIDA,RHAMNALES,Rhamnaceae
PLANTAE,TRACHEOPHYTA,LILIOPSIDA,LILIALES,Rhipogonaceae
PLANTAE,TRACHEOPHYTA,MAGNOLIOPSIDA,RHIZOPHORALES,Rhizophoraceae
PLANTAE,RHODOPHYTA,FLORIDEOPHYCEAE,GIGARTINALES,Rhizophyllidaceae
PLANTAE,RHODOPHYTA,FLORIDEOPHYCEAE,CERAMIALES,Rhodomelaceae
PLANTAE,RHODOPHYTA,FLORIDEOPHYCEAE,RHODYMENIALES,Rhodymeniaceae
PLANTAE,TRACHEOPHYTA,MAGNOLIOPSIDA,JUGLANDALES,Rhoipteleaceae
PLANTAE,TRACHEOPHYTA,MAGNOLIOPSIDA,MYRTALES,Rhynchocalycaceae
PLANTAE,MARCHANTIOPHYTA,MARCHANTIOPSIDA,MARCHANTIALES,Ricciaceae
PLANTAE,MARCHANTIOPHYTA,MARCHANTIOPSIDA,SPHAEROCARPALES,Riellaceae
PLANTAE,TRACHEOPHYTA,LILIOPSIDA,LILIALES,Ripogonaceae
PLANTAE,TRACHEOPHYTA,MAGNOLIOPSIDA,ROSALES,Roridulaceae
PLANTAE,TRACHEOPHYTA,MAGNOLIOPSIDA,ROSALES,Rosaceae
PLANTAE,TRACHEOPHYTA,MAGNOLIOPSIDA,GENTIANALES,Rubiaceae
PLANTAE,TRACHEOPHYTA,LILIOPSIDA,LILIALES,Ruscaceae
PLANTAE,TRACHEOPHYTA,MAGNOLIOPSIDA,SAPINDALES,Rutaceae
PLANTAE,TRACHEOPHYTA,MAGNOLIOPSIDA,RANUNCULALES,Sabiaceae
PLANTAE,TRACHEOPHYTA,MAGNOLIOPSIDA,GENTIANALES,Saccifoliaceae
PLANTAE,TRACHEOPHYTA,POLYPODIOPSIDA,POLYPODIALES,Saccolomataceae
PLANTAE,TRACHEOPHYTA,MAGNOLIOPSIDA,SALICALES,Salicaceae
PLANTAE,TRACHEOPHYTA,MAGNOLIOPSIDA,CELASTRALES,Salvadoraceae
PLANTAE,TRACHEOPHYTA,POLYPODIOPSIDA,SALVINIALES,Salviniaceae
PLANTAE,TRACHEOPHYTA,MAGNOLIOPSIDA,SANTALALES,Santalaceae
PLANTAE,TRACHEOPHYTA,MAGNOLIOPSIDA,SAPINDALES,Sapindaceae
PLANTAE,TRACHEOPHYTA,MAGNOLIOPSIDA,EBENALES,Sapotaceae
PLANTAE,TRACHEOPHYTA,MAGNOLIOPSIDA,MALVALES,Sarcolaenaceae
PLANTAE,TRACHEOPHYTA,MAGNOLIOPSIDA,RANUNCULALES,Sargentodoxaceae
PLANTAE,TRACHEOPHYTA,MAGNOLIOPSIDA,NEPENTHALES,Sarraceniaceae
PLANTAE,TRACHEOPHYTA,MAGNOLIOPSIDA,PIPERALES,Saururaceae
PLANTAE,TRACHEOPHYTA,MAGNOLIOPSIDA,ROSALES,Saxifragaceae
PLANTAE,MARCHANTIOPHYTA,JUNGERMANNIOPSIDA,JUNGERMANNIALES,Scapaniaceae
PLANTAE,TRACHEOPHYTA,LILIOPSIDA,NAJADALES,Scheuchzeriaceae
PLANTAE,TRACHEOPHYTA,MAGNOLIOPSIDA,ILLICIALES,Schisandraceae
PLANTAE,MARCHANTIOPHYTA,JUNGERMANNIOPSIDA,JUNGERMANNIALES,Schistochilaceae
PLANTAE,TRACHEOPHYTA,POLYPODIOPSIDA,SCHIZAEALES,Schizaeaceae
PLANTAE,RHODOPHYTA,FLORIDEOPHYCEAE,NEMASTOMATALES,Schizymeniaceae
PLANTAE,TRACHEOPHYTA,MAGNOLIOPSIDA,SCROPHULARIALES,Schlegeliaceae
PLANTAE,TRACHEOPHYTA,PINOPSIDA,PINALES,Sciadopityaceae
PLANTAE,TRACHEOPHYTA,MAGNOLIOPSIDA,SCROPHULARIALES,Scrophulariaceae
PLANTAE,TRACHEOPHYTA,MAGNOLIOPSIDA,VIOLALES,Scyphostegiaceae
PLANTAE,TRACHEOPHYTA,MAGNOLIOPSIDA,THEALES,Scytopetalaceae
PLANTAE,RHODOPHYTA,FLORIDEOPHYCEAE,SEBDENIALES,Sebdeniaceae
PLANTAE,TRACHEOPHYTA,LYCOPODIOPSIDA,SELAGINELLALES,Selaginellaceae
PLANTAE,BRYOPHYTA,BRYOPSIDA,BRYALES,Sematophyllaceae
PLANTAE,TRACHEOPHYTA,MAGNOLIOPSIDA,SAPINDALES,Simaroubaceae
PLANTAE,TRACHEOPHYTA,MAGNOLIOPSIDA,EUPHORBIALES,Simmondsiaceae
PLANTAE,TRACHEOPHYTA,LILIOPSIDA,LILIALES,Smilacaceae
PLANTAE,TRACHEOPHYTA,MAGNOLIOPSIDA,SOLANALES,Solanaceae
PLANTAE,MARCHANTIOPHYTA,JUNGERMANNIOPSIDA,JUNGERMANNIALES,Solenostomataceae
PLANTAE,MARCHANTIOPHYTA,MARCHANTIOPSIDA,SPHAEROCARPALES,Sphaerocarpaceae
PLANTAE,TRACHEOPHYTA,MAGNOLIOPSIDA,THEALES,Sphaerosepalaceae
PLANTAE,BRYOPHYTA,SPHAGNOPSIDA,SPHAGNALES,Sphagnaceae
PLANTAE,TRACHEOPHYTA,MAGNOLIOPSIDA,CELASTRALES,Sphenostemonaceae
PLANTAE,BRYOPHYTA,BRYOPSIDA,BRYALES,Splachnaceae
PLANTAE,TRACHEOPHYTA,MAGNOLIOPSIDA,VIOLALES,Stachyuraceae
PLANTAE,TRACHEOPHYTA,MAGNOLIOPSIDA,CELASTRALES,Stackhousiaceae
PLANTAE,TRACHEOPHYTA,CYCADOPSIDA,CYCADALES,Stangeriaceae
PLANTAE,TRACHEOPHYTA,MAGNOLIOPSIDA,CROSSOSOMATALES,Staphyleaceae
PLANTAE,TRACHEOPHYTA,MAGNOLIOPSIDA,CARYOPHYLLALES,Stegnospermataceae
PLANTAE,TRACHEOPHYTA,LILIOPSIDA,LILIALES,Stemonaceae
PLANTAE,TRACHEOPHYTA,MAGNOLIOPSIDA,MALVALES,Sterculiaceae
PLANTAE,TRACHEOPHYTA,MAGNOLIOPSIDA,LAMIALES,Stilbaceae
PLANTAE,TRACHEOPHYTA,MAGNOLIOPSIDA,THEALES,Strasburgeriaceae
PLANTAE,TRACHEOPHYTA,LILIOPSIDA,ZINGERBERALES,Strelitziaceae
PLANTAE,TRACHEOPHYTA,MAGNOLIOPSIDA,CAMPANULALES,Stylidiaceae
PLANTAE,TRACHEOPHYTA,MAGNOLIOPSIDA,ROSALES,Stylobasiaceae
PLANTAE,TRACHEOPHYTA,MAGNOLIOPSIDA,EBENALES,Styracaceae
PLANTAE,TRACHEOPHYTA,MAGNOLIOPSIDA,ROSALES,Surianaceae
PLANTAE,TRACHEOPHYTA,MAGNOLIOPSIDA,EBENALES,Symplocaceae
PLANTAE,TRACHEOPHYTA,LILIOPSIDA,LILIALES,Taccaceae
PLANTAE,BRYOPHYTA,TAKAKIOPSIDA,TAKAKIALES,Takakiaceae
PLANTAE,TRACHEOPHYTA,MAGNOLIOPSIDA,VIOLALES,Tamaricaceae
PLANTAE,TRACHEOPHYTA,MAGNOLIOPSIDA,HUERTEALES,Tapisciaceae
PLANTAE,TRACHEOPHYTA,PINOPSIDA,PINALES,Taxaceae
PLANTAE,TRACHEOPHYTA,CONIFEROPSIDA,CONIFERALES,Taxodiaceae
PLANTAE,TRACHEOPHYTA,LILIOPSIDA,LILIALES,Tecophilaeaceae
PLANTAE,TRACHEOPHYTA,POLYPODIOPSIDA,POLYPODIALES,Tectariaceae
PLANTAE,TRACHEOPHYTA,MAGNOLIOPSIDA,CELASTRALES,Tepuianthaceae
PLANTAE,TRACHEOPHYTA,MAGNOLIOPSIDA,TROCHODENDRALES,Tetracentraceae
PLANTAE,TRACHEOPHYTA,MAGNOLIOPSIDA,LAMIALES,Tetrachondraceae
PLANTAE,TRACHEOPHYTA,MAGNOLIOPSIDA,CUCURBITALES,Tetramelaceae
PLANTAE,TRACHEOPHYTA,MAGNOLIOPSIDA,THEALES,Tetrameristaceae
PLANTAE,TRACHEOPHYTA,MAGNOLIOPSIDA,THEALES,Theaceae
PLANTAE,TRACHEOPHYTA,MAGNOLIOPSIDA,RUBIALES,Theligonaceae
PLANTAE,TRACHEOPHYTA,POLYPODIOPSIDA,POLYPODIALES,Thelypteridaceae
PLANTAE,TRACHEOPHYTA,MAGNOLIOPSIDA,PRIMULALES,Theophrastaceae
PLANTAE,TRACHEOPHYTA,LILIOPSIDA,JUNCALES,Thurniaceae
PLANTAE,TRACHEOPHYTA,MAGNOLIOPSIDA,MYRTALES,Thymelaeaceae
PLANTAE,TRACHEOPHYTA,MAGNOLIOPSIDA,FAGALES,Ticodendraceae
PLANTAE,TRACHEOPHYTA,MAGNOLIOPSIDA,MALVALES,Tiliaceae
PLANTAE,TRACHEOPHYTA,MAGNOLIOPSIDA,CORNALES,Torricelliaceae
PLANTAE,TRACHEOPHYTA,MAGNOLIOPSIDA,CAPPARALES,Tovariaceae
PLANTAE,TRACHEOPHYTA,MAGNOLIOPSIDA,MYRTALES,Trapaceae
PLANTAE,TRACHEOPHYTA,MAGNOLIOPSIDA,POLYGALALES,Tremandraceae
PLANTAE,TRACHEOPHYTA,LILIOPSIDA,LILIALES,Trichopodaceae
PLANTAE,TRACHEOPHYTA,MAGNOLIOPSIDA,POLYGALALES,Trigoniaceae
PLANTAE,TRACHEOPHYTA,LILIOPSIDA,LILIALES,Trilliaceae
PLANTAE,TRACHEOPHYTA,MAGNOLIOPSIDA,LAURALES,Trimeniaceae
PLANTAE,TRACHEOPHYTA,MAGNOLIOPSIDA,DIPSACALES,Triplostegiaceae
PLANTAE,TRACHEOPHYTA,LILIOPSIDA,TRIURIDALES,Triuridaceae
PLANTAE,TRACHEOPHYTA,MAGNOLIOPSIDA,TROCHODENDRALES,Trochodendraceae
PLANTAE,TRACHEOPHYTA,MAGNOLIOPSIDA,GERANIALES,Tropaeolaceae
PLANTAE,TRACHEOPHYTA,MAGNOLIOPSIDA,VIOLALES,Turneraceae
PLANTAE,TRACHEOPHYTA,LILIOPSIDA,POALES,Typhaceae
PLANTAE,TRACHEOPHYTA,MAGNOLIOPSIDA,URTICALES,Ulmaceae
PLANTAE,TRACHEOPHYTA,MAGNOLIOPSIDA,APIALES,Umbelliferae
PLANTAE,TRACHEOPHYTA,MAGNOLIOPSIDA,URTICALES,Urticaceae
PLANTAE,TRACHEOPHYTA,MAGNOLIOPSIDA,ROSALES,Vahliaceae
PLANTAE,TRACHEOPHYTA,MAGNOLIOPSIDA,DIPSACALES,Valerianaceae
PLANTAE,BRYOPHYTA,MARCHANTIOPSIDA,METZGERIALES,Vandiemeniaceae
PLANTAE,TRACHEOPHYTA,LILIOPSIDA,LILIALES,Velloziaceae
PLANTAE,TRACHEOPHYTA,MAGNOLIOPSIDA,LAMIALES,Verbenaceae
PLANTAE,TRACHEOPHYTA,MAGNOLIOPSIDA,VIOLALES,Violaceae
PLANTAE,TRACHEOPHYTA,MAGNOLIOPSIDA,SANTALALES,Viscaceae
PLANTAE,TRACHEOPHYTA,MAGNOLIOPSIDA,RHAMNALES,Vitaceae
PLANTAE,TRACHEOPHYTA,MAGNOLIOPSIDA,POLYGALALES,Vochysiaceae
PLANTAE,TRACHEOPHYTA,GNETOPSIDA,WELWITSCHIALES,Welwitschiaceae
PLANTAE,TRACHEOPHYTA,MAGNOLIOPSIDA,MAGNOLIALES,Winteraceae
PLANTAE,TRACHEOPHYTA,POLYPODIOPSIDA,POLYPODIALES,Woodsiaceae
PLANTAE,TRACHEOPHYTA,LILIOPSIDA,LILIALES,Xanthorrhoeaceae
PLANTAE,TRACHEOPHYTA,LILIOPSIDA,POALES,Xyridaceae
PLANTAE,TRACHEOPHYTA,CYCADOPSIDA,CYCADALES,Zamiaceae
PLANTAE,TRACHEOPHYTA,LILIOPSIDA,NAJADALES,Zannichelliaceae
PLANTAE,TRACHEOPHYTA,LILIOPSIDA,ZINGIBERALES,Zingiberaceae
PLANTAE,TRACHEOPHYTA,LILIOPSIDA,NAJADALES,Zosteraceae
PLANTAE,TRACHEOPHYTA,MAGNOLIOPSIDA,ZYGOPHYLLALES,Zygophyllaceae
